название,цена,код
Ноутбук MSI Katana GF66 11UC-1225RU 15.6″/8/SSD 512/черный,77990,110688
Ноутбук MSI Summit E16 Flip Evo A11MT-092RU 16″/16/SSD 1024/черный,135990,108596
Ноутбук Asus VivoBook Pro 14 OLED M3401QA-KM016W 14″/8/SSD 512/синий,69990,110868
Ультрабук Asus ZenBook Pro Duo OLED UX582HM-H2033W 15.6″/16/SSD 1024/синий,219990,110858
Ноутбук Asus Vivobook 15 X513EA-BQ2370W 15.6″/8/SSD 256/черный,45990,110854
Ноутбук Lenovo IdeaPad 3 14ALC6 14″/12/SSD 512/синий,65990,108521
Ноутбук Asus VivoBook 15 K513EA-L11139T 15.6″/8/SSD 512/серебристый,59990,116196
Ноутбук Xiaomi RedmiBook Pro 15 15.6″/16/SSD 512/серый,94990,114046
Ноутбук MSI GP66 Leopard 11UH-650X 15.6″/16/SSD 1024/черный,149990,113887
Ноутбук Asus ROG Zephyrus M16 GU603ZX-K8053W 16″/32/SSD 2048/черный,307990,111857
Ноутбук HP 15s-fq0071ur 15.6″/4/SSD 128/синий,26990,111575
Ноутбук MSI Pulse GL76 12UEK-088XRU 17.3″/16/SSD 512/серый,99990,109769
Ноутбук MSI Pulse GL66 11UDK-417RU 15.6″/8/SSD 512/серый,104990,103890
Ноутбук HP Pavilion x360 14-dy0009ur 14″/8/SSD 512/золотой,69990,109835
Ноутбук Asus TUF Dash F15 FX517ZR 15.6″/16/SSD 512/черный,139990,114482
Ноутбук HP Pavilion 15-eg0134ur 15.6″/16/SSD 512/серебристый,64990,106859
Ноутбук HONOR MagicBook 16 HYM-W56 16.1″/16/SSD 512/серый,79990,110406
Ноутбук HP Envy 15-ep1031ur 15.6″/16/SSD 1024/серебристый,165990,113203
Ноутбук MSI Stealth GS66 12UGS-212RU 15.6″/32/SSD 1024/черный,179990,109809
Ноутбук MSI Raider GE66 12UGS-289RU 15.6″/16/SSD 1024/синий,155990,109805
Ультрабук Asus ZenBook 13 OLED UX325EA-KG763 13.3″/16/SSD 512/лиловый,84990,110857
Ноутбук Asus ProArt Studiobook 16 H7600ZX-L2017X 16″/32/SSD 2048/черный,349990,119716
Ноутбук MSI CreatorPro Z16P B12UMST 16″/64/SSD 2048/серый,359990,116018
Ноутбук MSI Pulse GL76 12UEK-072RU 17.3″/16/SSD 1024/серый,128990,109762
Ноутбук Asus VivoBook Pro 15 OLED K6500Z 15.6″/16/SSD 512/серебристый,108990,117438
Ультрабук Asus ZenBook S13 OLED UM5302T-LX385X 13.3″/16/SSD 512/белый,129990,119977
Ноутбук Tecno Megabook T1 i5 15.6″/16/SSD 512/серый космос,45990,118908
Ультрабук Asus ZenBook 14 OLED UX3402ZA-KM023W 14″/16/SSD 512/синий,143990,119109
Ноутбук Asus Laptop 15 X515EA-BQ882 15.6″/16/SSD 1024/серый,62990,117800
Ноутбук Asus VivoBook S15 OLED K3502ZA-MA026W 15.6″/16/SSD 512/серый,111990,116989
Ноутбук Asus Vivobook 16X M1603QA-MB254 16″/16/SSD 1024/серебристый,67990,119719
Ноутбук MSI Stealth GS77 12UGS-251RU 17.3″/32/SSD 1024/черный,199990,115196
Ноутбук Tecno Megabook T1 i5 15.6″/16/SSD 512/мятный,45990,119169
"2020 Apple MacBook Air 13.3″ серый космос (Apple M1, 8Gb, SSD 256Gb, M1 (7 GPU))",95990,114586
Ультрабук Asus ZenBook S13 OLED UM5302TA-LV560X 13.3″/16/SSD 512/зеленый,129990,119900
Ноутбук MSI Vector GP66 12UGSO-671RU 15.6″/16/SSD 1024/черный,152990,116604
Ноутбук HP 17-cn1002ny 17.3″/8/SSD 512/черный,79990,118505
Ноутбук Asus VivoBook 15 OLED M513UA-L1297W 15.6″/8/SSD 512/черный,61990,116197
Ноутбук Asus TUF Gaming Dash F15 FX516PC-HN558 15.6″/8/SSD 512/серый,74990,114774
Ноутбук MSI Pulse GL76 12UCK 17.3″/8/SSD 512/серый,88890,115202
Ноутбук MSI Pulse GL66 12UEK-220RU 15.6″/16/SSD 512/серый,104990,109784
Ультрабук Asus ExpertBook P1 P1512CEA-BQ0232 15.6″/8/SSD 512/серый,52990,116800
Ноутбук MSI Stealth 17M A12UE-040RU 17.3″/16/SSD 1024/черный,132990,115198
Ноутбук Asus ROG Strix Scar G733ZW-KH116W 17.3″/32/SSD 1024/черный,279990,117382
Ультрабук Asus ExpertBook B1 B1500CEAE-EJ0545R 15.6″/8/SSD 512/черный,54990,114509
Ноутбук Asus ROG Zephyrus M16 GU603HM-211-ZM16 16″/16/SSD 1024/черный,199990,116536
Ноутбук HP 17-cp0004ny 17.3″/8/SSD 512/черный,62990,116890
"2022 Apple MacBook Air 13.6″ темная ночь (Apple M2, 8Gb, SSD 512Gb, M2 (10 GPU))",149990,114614
Ноутбук MSI Creator M16 A12UC-200RU 16″/16/SSD 512/черный,119990,109744
Ультрабук Asus ExpertBook B1 B1500CEAE-BQ2003R 15.6″/8/SSD 512/черный,69990,113583
Ноутбук HP Envy 17-cg1075 17.3″/16/SSD 256/HDD 1000/серебристый,125990,118502
Ноутбук Asus VivoBook S15 OLED K3502ZA-MA023W 15.6″/8/SSD 512/зеленый,88590,116984
"2022 Apple MacBook Air 13.6″ сияющая звезда (Apple M2, 8Gb, SSD 256Gb, M2 (8 GPU))",114990,114599
Ноутбук Machenike S15 15.6″/16/SSD 512/черный,74590,116886
Ноутбук Tecno Megabook T1 i5 15.6″/16/SSD 512/синий,45990,118907
Ноутбук Tecno Megabook T1 i3 15.6″/12/SSD 256/серый космос,35990,118904
Ультрабук Huawei MateBook D 16 RLEF-X 16.1″/16/SSD 512/серый,79990,119237
Ультрабук Asus ZenBook 14X OLED UX5401ZA-KN057 14″/16/SSD 512/серый,121990,119713
Ноутбук Asus TUF Gaming F15 FX506LHB-HN323W 15.6″/8/SSD 512/черный,67990,116639
Ноутбук Asus ROG Flow X13 GZ301ZC-LD092W 13.4″/16/SSD 512/черный,179990,118425
Ноутбук Dell Latitude 7520 15.6″/16/SSD 1024/серый,119990,113148
Ноутбук Tecno Megabook T1 i3 15.6″/12/SSD 256/синий,35990,118903
Ультрабук Asus ZenBook 14 UM425QA-KI164W 14″/8/SSD 512/серый,79590,115885
Ноутбук MSI Pulse GL76 12UEK-073XRU 17.3″/16/SSD 512/серый,119990,109764
Ноутбук Tecno Megabook T1 i5 15.6″/16/SSD 512/мятный,42990,119168
Ноутбук Asus ROG Zephyrus M16 GU603ZW-K8062 16″/32/SSD 1024/черный,235990,114433
Ноутбук MSI Creator Z16 Hiroshi Fujiwara 16″/16/SSD 512/черный,145990,109753
Ноутбук HP Pavilion Aero 13-be1025ci 13.3″/16/SSD 512/серебристый,95990,117611
Ноутбук Tecno Megabook T1 i5 15.6″/16/SSD 512/серый космос,42990,118906
Ноутбук MSI Prestige 15 A12UC-221RU 15.6″/16/SSD 1024/серебристый,119990,115208
"2022 Apple MacBook Air 13.6″ темная ночь (Apple M2, 8Gb, SSD 256Gb, M2 (8 GPU))",114990,114583
Ноутбук Asus TUF Gaming A17 FA707RE-HX027 17.3″/8/SSD 512/серый,102990,116641
Ноутбук HP 15s-eq3053ci 15.6″/16/SSD 1024/серебристый,83190,117607
Ультрабук Asus ZenBook Flip 13 OLED UX363EA-HP461W 13.3″/8/SSD 512/серый,85990,116199
Ноутбук Asus TUF Gaming F15 FX506HE-HN011 15.6″/8/SSD 512/черный,77990,114763
Ноутбук Asus VivoBook S15 OLED K3502ZA-MA027W 15.6″/16/SSD 512/зеленый,111990,116990
Ноутбук MSI Pulse GL76 12UDK 17.3″/16/SSD 512/серый,105490,116017
Ноутбук HP 15s-fq5046ci 15.6″/16/SSD 512/серебристый,59990,117609
Ноутбук Tecno Megabook T1 i3 15.6″/12/SSD 256/мятный,35990,119167
Ультрабук Asus ExpertBook L1 L1500CDA-BQ0649T 15.6″/16/SSD 1024/черный,49990,113994
Ноутбук MSI Raider GE66 12UGS-466RU 15.6″/32/SSD 1024/синий,199990,116629
"2022 Apple MacBook Air 13.6″ серый космос (Apple M2, 8Gb, SSD 256Gb, M2 (8 GPU))",114990,114584
Ноутбук Tecno Megabook T1 i5 15.6″/16/SSD 512/серебристый,45990,119170
Ноутбук Lenovo IdeaPad 5 Pro 16ACH6 16″/16/SSD 512/серый,96990,116513
Ноутбук Asus VivoBook Go 14 E410MA-EK1329 14″/4/SSD 256/черный,28990,113974
Ноутбук Lenovo IdeaPad 5 Pro 16IHU6 16″/16/SSD 1024/серый,106990,116654
Ноутбук Tecno Megabook T1 i3 15.6″/12/SSD 256/синий,33990,118900
Ноутбук Asus Vivobook S15 OLED K3502ZA-MA174 15.6″/16/SSD 1024/черный,112990,121895
Ноутбук Tecno Megabook T1 i3 15.6″/12/SSD 256/серый космос,33990,118902
Ультрабук Asus Zenbook 14 OLED UX3402ZA-KM103W 14″/16/SSD 512/зеленый,169990,120698
Ноутбук Lenovo Legion 5 15IAH7H 15.6″/16/SSD 1024/серый,210990,120723
Ноутбук MSI GF63 Thin 11UD-254XRU 15.6″/8/SSD 256/черный,62990,120580
Ноутбук HP Victus 16-d1016nia 16.1″/16/SSD 1024/белый,115990,121634
Ноутбук HP Victus 15-fa0031dx 15.6″/8/SSD 512/темно-серый,66590,121633
Ноутбук HP Victus 16-d1013nia 16.1″/16/SSD 1024/белый,129990,121632
Ноутбук HP Victus 16-d1011nia 16.1″/16/SSD 1024/синий,129990,121631
Ноутбук HP Omen 17-ck1002nia 17.3″/16/SSD 1024/черный,189990,121630
Ноутбук Tecno Megabook T1 i3 15.6″/12/SSD 256/мятный,33990,119164
Ноутбук Samsung Galaxy book 15 15.6″/8/SSD 512/серебристый,74990,120206
Ноутбук Tecno Megabook T1 i5 15.6″/16/SSD 512/синий,42990,118905
Ноутбук Dell Latitude 5530 15.6″/32/SSD 512/серый,157990,119637
Ультрабук Huawei MateBook D 16 RLEF-W5651D 16.1″/16/SSD 512/серый,69990,119238
Ноутбук Asus TUF Dash F15 FX517ZC-HN044 15.6″/8/SSD 512/белый,89990,118426
Ноутбук Asus TUF Gaming FX507ZM-HN116 15.6″/16/SSD 1024/серый,149990,118424
Ноутбук MSI Stealth GS66 12UHS-267RU 15.6″/64/SSD 2048/черный,299990,115205
Ноутбук MSI CreatorPro M16 A12UIS-688RU 16″/16/SSD 1024/черный,138990,116622
Ноутбук MSI Raider GE77HX 12UHS-232RU 17.3″/32/SSD 2048/серый,277990,116609
Ноутбук HP 15s-fq5000ci 15.6″/16/SSD 512/серый,75990,118012
Ноутбук HP Victus 16-e1010ci 16.1″/16/SSD 512/синий,125990,118011
Ноутбук HP Envy 17t-ch100 17.3″/16/SSD 512/серебристый,139990,118503
Ультрабук HP Spectre x360 16-f1010ci 16″/32/SSD 2048/синий,249990,118853
Ноутбук HP Pavilion x360 14-ek0021ci 14″/16/SSD 512/серебристый,79990,118852
"2022 Apple MacBook Air 13.6″ серый космос (Apple M2, 16Gb, SSD 256Gb, M2 (8 GPU))",179990,118446
Ноутбук Lenovo ThinkPad T14 Gen 3 14″/16/SSD 512/LTE/черный,216990,117524
Ультрабук Lenovo ThinkPad X1 Carbon Gen 10 14″/16/SSD 512/LTE/черный,249990,117523
Ноутбук MSI CreatorPro Z17 A12UKST-259RU 17.3″/32/SSD 1024/серый,278990,116627
Ноутбук MSI Creator Z17 A12UHST-258RU 17.3″/64/SSD 2048/серый,325990,116626
Ноутбук MSI CreatorPro X17 A12UKS-206RU 17.3″/64/SSD 2048/черный,299990,116625
Ноутбук MSI CreatorPro X17 A12UMS-205RU 17.3″/64/SSD 2048/черный,359990,116624
Ноутбук MSI Prestige 15 A12UD-223RU 15.6″/16/SSD 1024/серебристый,135990,116602
Ноутбук HONOR MagicBook 15 15.6″/8/SSD 512/серебристый,64990,108750
"2022 Apple MacBook Pro 13.3″ серебристый (Apple M2, 8Gb, SSD 512Gb, M2 (10 GPU))",149990,114879
Ноутбук Asus ROG Strix G15 G513RC-HN056 15.6″/8/SSD 1024/серый,118990,116537
Ноутбук Asus ROG Zephyrus M16 GU603ZM-K8078W 16″/16/SSD 512/черный,174990,116640
Ультрабук Asus ExpertBook B5 B5402CEA-KI0253X 14″/8/SSD 512/черный,80990,116902
Ультрабук Asus ExpertBook B3 Flip B3402FEA-EC1050W 14″/8/SSD 512/черный,69990,116899
Ноутбук Asus TUF Gaming F17 FX706HEB-TF17 17.3″/8/SSD 512/серый,99990,116964
Ноутбук Lenovo IdeaPad 5 Pro 16IHU6 16″/16/SSD 1024/серый,106990,116510
Ноутбук MSI CreatorPro M15 A11UIS-1083RU 15.6″/16/SSD 1024/черный,112990,116522
Ноутбук Machenike T58-VA 15.6″/8/SSD 512/серебристый,59990,116885
Ультрабук Machenike Machcreator-A 15.6″/16/SSD 512/серебристый,61990,116884
Ультрабук Machenike Machcreator-A 15.6″/8/SSD 512/серебристый,40990,116882
Ноутбук Asus TUF Gaming A15 FA507RE-HN054 15.6″/8/SSD 512/серый,98990,115150
Ноутбук Asus ROG Zephyrus M16 GU603ZM-K8057X 16″/16/SSD 1024/черный,199990,115148
Ноутбук Asus ROG Zephyrus Duo 16 GX650RW-LO120X 16″/32/SSD 1024/черный,329990,115145
Ноутбук Asus ROG Flow Z13 GZ301ZE-LD219X 13.4″/16/SSD 1024/черный,339990,115139
Ноутбук Asus ROG Strix G15 G513RW-HQ198 15.6″/16/SSD 512/серый,185990,116287
Ноутбук Asus TUF Gaming A15 FA507RE-HN063 15.6″/16/SSD 512/серый,104990,116055
Ноутбук Asus ROG Zephyrus G15 GA503RW-HQ037W 15.6″/16/SSD 1024/серый,204990,116292
Ноутбук Asus VivoBook 15 X515JA-BQ2262 15.6″/16/SSD 512/серебристый,78990,116056
Ноутбук Lenovo Legion 5i 15ITH6H 15.6″/16/SSD 512/синий,129990,115576
Ноутбук MSI CreatorPro Z16P B12UKST-222RU 16″/32/SSD 1024/серый,249990,116020
Ноутбук MSI Raider GE67HX 12UHS-099RU 15.6″/32/SSD 2048/серый,289990,115207
Ноутбук MSI Creator Z16P B12UHST-028RU 16″/32/SSD 2048/серый,299790,109745
Ультрабук Huawei MateBook B3-520 15.6″/8/SSD 512/серый,65990,111169
Ноутбук Xiaomi RedmiBook Pro 14 14″/16/SSD 512/серый,90990,115961
Ноутбук Xiaomi RedmiBook Pro 15 15.6″/16/SSD 512/серый,100990,116016
Ноутбук Asus VivoBook Pro 15 OLED K3500PC-L1086 15.6″/16/SSD 512/синий,104990,114889
Ноутбук Asus ROG Zephyrus G15 GA503RM-HQ079X 15.6″/16/SSD 1024/серый,175990,115147
"2022 Apple MacBook Air 13.6″ серый космос (Apple M2, 8Gb, SSD 512Gb, M2 (10 GPU))",149990,114585
"2022 Apple MacBook Air 13.6″ серебристый (Apple M2, 8Gb, SSD 512Gb, M2 (10 GPU))",149990,114600
"2022 Apple MacBook Pro 13.3″ серый космос (Apple M2, 8Gb, SSD 512Gb, M2 (10 GPU))",149990,114617
"2022 Apple MacBook Air 13.6″ сияющая звезда (Apple M2, 8Gb, SSD 512Gb, M2 (10 GPU))",149990,114869
"2022 Apple MacBook Air 13.6″ серебристый (Apple M2, 8Gb, SSD 256Gb, M2 (8 GPU))",114990,114868
Ноутбук Dream Machines RT3070-17KZ29 17.3″/16/SSD 1024/черный,169990,114968
Ноутбук Dream Machines RS3070-15KZ26 15.6″/16/SSD 1024/черный,159990,114967
Ноутбук Dream Machines RG3050Ti-17KZ26 17.3″/16/SSD 1024/черный,99990,114964
Ноутбук Dream Machines RG3050Ti-17KZ21 17.3″/16/SSD 1024/черный,97990,114962
Ноутбук Dream Machines G1650-17KZ72 17.3″/8/SSD 512/черный,65990,114961
Ультрабук Asus ZenBook 14 UM3402YA-KM082W 14″/8/SSD 512/черный,85990,114196
"2021 Apple MacBook Pro 16.2″ серый космос (Apple M1 Pro, 16Gb, SSD 1024Gb, M1 (16 GPU))",249990,114281
Ноутбук Maibenben X558 15.6″/16/SSD 512/серый,84490,114891
Ноутбук Asus VivoBook S14 S433EA-AM464 14″/8/SSD 512/черный,55990,113975
Ультрабук Asus ExpertBook P1 P1512CEA-BQ0620 15.6″/16/SSD 1024/серый,79990,113862
Ноутбук Asus ROG Strix G15 G513RM-HQ168 15.6″/16/SSD 1024/серый,150990,114571
Ноутбук Lenovo IdeaPad Gaming 3 15ACH6 15.6″/8/SSD 512/черный,79990,113707
Ноутбук MSI Delta 15 A5EFK-062X 15.6″/16/SSD 1024/черный,139990,113893
"2021 Apple MacBook Pro 16.2″ серый космос (Apple M1 Pro, 16Gb, SSD 512Gb, M1 (16 GPU))",199990,113990
Ноутбук Asus Laptop 15 X515EP-BQ232 15.6″/12/SSD 512/серый,69990,113071
Ноутбук Asus VivoBook Pro 14 OLED M3401QA-KM106W 14″/16/SSD 1024/синий,109990,113060
Ноутбук Lenovo ThinkBook 16p G2 ACH 16″/16/SSD 1024/серый,149990,113521
Ноутбук Lenovo IdeaPad Gaming 3 15IHU6 15.6″/8/SSD 512/черный,88990,108039
Ноутбук HP Omen 16-b0033ur 16.1″/16/SSD 1024/черный,129990,111847
Ноутбук HP Pavilion x360 14-dy0011ur 14″/16/SSD 512/серебристый,82990,111678
Ноутбук HP Pavilion x360 14-dy0008ur 14″/8/SSD 512/синий,50990,111576
Ноутбук HP Victus 16-e0092ur 16.1″/16/SSD 512/синий,69990,111225
Ультрабук HP Envy 13-ba1006ur 13.3″/8/SSD 512/серебристый,75990,111108
Ноутбук Asus ROG Strix G15 G513RM-HQ164W 15.6″/16/SSD 1024/серый,169990,109544
Ноутбук MSI Creator M16 A12UD-208RU 16″/16/SSD 1024/черный,135990,109742
Ноутбук HP 17-cp0004ur 17.3″/8/SSD 512/серебристый,75990,113896
Ноутбук MSI Stealth GS66 12UGS-211RU 15.6″/32/SSD 2048/черный,259990,109807
Ноутбук MSI Raider GE76 12UGS-439RU 17.3″/32/SSD 2048/синий,299990,109796
Ноутбук MSI Pulse GL66 12UGK-257RU 15.6″/8/SSD 1024/серый,159990,109783
Ноутбук MSI Pulse GL66 12UEK-289XRU 15.6″/8/SSD 512/серый,85990,109790
Ноутбук Asus ProArt StudioBook 16 W7600H3A-L2030W 16″/32/SSD 1024/черный,249990,109175
Ноутбук Lenovo Legion 5i 15IMH6 15.6″/8/SSD 512/черный,79990,116035
Ноутбук HP Pavilion 14-dv0090ur 14″/8/SSD 512/белый,54990,109702
"2021 Apple MacBook Pro 16.2″ серебристый (Apple M1 Max, 32Gb, SSD 1024Gb, M1 (32 GPU))",349990,107504
Ноутбук Asus Laptop 15 X515JF-BR240 15.6″/4/SSD 256/серебристый,31990,108111
Ноутбук HP Envy x360 15-eu0033ur 15.6″/16/SSD 512/черный,80990,106882
"2021 Apple MacBook Pro 16.2″ серый космос (Apple M1 Max, 32Gb, SSD 1024Gb, M1 (32 GPU))",349990,107505
Ноутбук Dell Inspiron 5505 15.6″/8/SSD 512/серебристый,60990,107194
Ноутбук HP Pavilion 15-eg0100ur 15.6″/8/SSD 512/синий,49990,105299
Ноутбук HP Victus 16-e0073ur 16.1″/16/SSD 512/темно-серый,99990,111798
Ноутбук Lenovo IdeaPad Gaming 3 15ACH6 15.6″/8/SSD 512/черный,79990,113376
Ноутбук Lenovo IdeaPad Gaming 3 15ACH6 15.6″/16/SSD 512/черный,89990,113705
Ноутбук MSI Titan GT77 12UHS 17.3″/64/SSD 3096/черный,381990,115192
Ноутбук Asus VivoBook Pro 14 OLED K3400PA-KM017W 14″/8/SSD 512/синий,69990,111962
Ноутбук HP Pavilion 15-eg0125ur 15.6″/8/SSD 512/серебристый,54990,106862
Ноутбук MSI Vector GP76 12UGS-454RU 17.3″/16/SSD 1024/черный,199990,109812
Ноутбук HP Omen 17-ck0043ur 17.3″/32/SSD 1024/черный,199990,112996
Ноутбук Asus VivoBook 15 OLED K513EA-L12768W 15.6″/8/SSD 512/золотой,56990,112604
Ноутбук Xiaomi RedmiBook 15 X43260 15.6″/8/SSD 256/серый,34990,117096
Ультрабук Huawei MateBook D 15 BoD-WFH9 15.6″/16/SSD 512/серебристый,54990,119214
Ноутбук MSI Stealth GS77 12UHS-030RU 17.3″/64/SSD 2048/черный,299990,115195
Ноутбук Lenovo Legion 5 Pro 16IAH7H 16″/16/SSD 1024/белый,188990,120724
Ноутбук Gigabyte Aero 15 15.6″/16/SSD 512/черный,129990,113042
Ноутбук HP Pavilion 15-eg0128ur 15.6″/16/SSD 512/бирюзовый,64990,111577
Ноутбук Lenovo Legion 5 Pro 16ARH7H 16″/16/SSD 1024/серый,169990,120727
Ноутбук Lenovo Legion 5 Pro 16IAH7H 16″/16/SSD 1024/серый,209990,120726
Ультрабук Asus ZenBook Pro Duo OLED UX582HS-H2002X 15.6″/32/SSD 1024/синий,325990,116635
Ультрабук Lenovo ThinkPad X1 Carbon Gen 9 14″/16/SSD 512/LTE/черный,170990,116453
Ноутбук Dell G15 5515 15.6″/16/SSD 512/серый,149990,108543
Ноутбук MSI Pulse GL66 11UEK-211XRU 15.6″/8/SSD 512/серый,95990,103889
Ноутбук Asus Laptop 15 X571LH-BQ449T 15.6″/16/SSD 1024/черный,69990,112234
Ноутбук Asus VivoBook 15 K513EA-BN2942 15.6″/8/SSD 256/серебристый,46990,112164
Ноутбук Asus Laptop 15 D509DA-EJ393T 15.6″/8/SSD 256/серый,38590,114945
Ноутбук Asus TUF Gaming A15 FA507RM-HN110 15.6″/16/SSD 512/серый,138990,115151
Ноутбук Asus Laptop 15 E510MA-BQ885W 15.6″/8/SSD 256/черный,41390,116490
Ноутбук Asus VivoBook S15 OLED K3502ZA-MA009W 15.6″/16/SSD 512/черный,111990,116988
Ноутбук Asus VivoBook S15 OLED K3502ZA-MA025W 15.6″/8/SSD 512/черный,88590,116987
Ноутбук Asus ROG Zephyrus G14 GA402RJ-L4125W 14″/16/SSD 512/серый,159990,117108
Ноутбук Asus Laptop 15 X543MA-DM1385W 15.6″/4/SSD 128/серый,27590,117452
Ноутбук Asus ROG Strix G17 G713RM-KH092W 17.3&quot;/16/SSD 512/серый,169990,117451
Ноутбук Asus VivoBook 17 M1702QA-AU082 17.3″/16/SSD 512/синий,69990,119243
Ноутбук Asus VivoBook Pro 15 OLED K3500PA-L1091T 15.6″/16/SSD 512/синий,85990,119695
Ноутбук Asus VivoBook 16X M1603QA-MB252 16″/16/SSD 512/серебристый,60990,119746
Ультрабук Asus ZenBook 14X OLED UX5401ZAS-KN032W 14″/16/SSD 1024/серый,169990,120010
Ноутбук Lenovo Legion 5 15ACH6 15.6″/16/SSD 1024/белый,124990,112818
Ноутбук Lenovo Legion 5 15ACH6 15.6″/8/SSD 512/синий,79990,109734
Ноутбук Lenovo IdeaPad 5 Pro 14ITL6 14″/16/SSD 512/серый,99990,116512
Ноутбук Lenovo IdeaPad 5 Pro 14ITL6 14″/16/SSD 512/серый,82990,116505
Ультрабук Lenovo ThinkPad X1 Carbon Gen 10 14″/16/SSD 512/LTE/черный,249890,117442
Ноутбук Lenovo ThinkPad E15 Gen 4 15.6″/16/SSD 1024/серый,119990,117847
Ноутбук Lenovo Legion 7 16ACHG6 16″/16/SSD 1024/серый,195990,103785
Ноутбук Lenovo Legion 5 Pro 16IAH7H 16″/16/SSD 1024/серый,175990,120725
Ноутбук MSI Katana GF66 11UC-1223XRU 15.6″/8/SSD 512/черный,74490,110690
Ноутбук MSI GF63 Thin 11UD-222XRU 15.6″/8/SSD 512/черный,81990,108581
Ноутбук MSI GF63 Thin 11UD-220RU 15.6″/8/SSD 512/черный,79990,108580
Ноутбук MSI Creator Z16P B12UGST-027RU 16″/32/SSD 1024/серый,199590,109751
Ноутбук MSI Summit E16Flip A12UCT-212RU 16″/16/SSD 512/черный,124590,116623
Ноутбук MSI Modern 14 C12M-238RU 14″/8/SSD 512/серебристый,54990,116596
Ноутбук MSI Creator Z16 A12UET-064RU 16″/16/SSD 512/серый,133990,109830
Ноутбук HP Victus 16-e0074ur 16.1″/16/SSD 512/синий,95990,111797
Ноутбук HP Envy 17-ch1141nw 17.3″/16/SSD 512/серебристый,104990,118504
Ультрабук Huawei MateBook 14 14″/16/SSD 512/серый,74990,111605
Ультрабук Huawei MateBook D 15 BoB-WAI9Q 15.6″/8/SSD 256/серебристый,48990,110709
Ультрабук Huawei MateBook D 15 BoM-WFQ9 15.6″/8/SSD 512/серебристый,59990,114484
Ультрабук Huawei MateBook D 16 RLEF-X 16.1″/16/SSD 512/серый,69990,117464
Ультрабук Huawei MateBook D 14 NbDE-WDH9 14″/8/SSD 512/серебристый,49990,119211
Ультрабук Huawei MateBook D 14 NbD-WDI9 14″/8/SSD 256/серебристый,39990,119210
Ноутбук Xiaomi RedmiBook 15 X44450 15.6″/8/SSD 512/серый,44990,117097
Ноутбук Gigabyte Aero 16 16″/32/SSD 1024/серый,159990,118431
Ноутбук Gigabyte Aero 17 XE5 17.3″/32/SSD 1024/серебристый,214990,119022
Ноутбук Machenike S15 15.6″/16/SSD 512/черный,101990,116888
Ноутбук Machenike S15 15.6″/16/SSD 512/черный,82990,116887
Ультрабук Machenike Machcreator-A 15.6″/16/SSD 512/серебристый,52590,116883
Ноутбук Tecno Megabook T1 i3 15.6″/12/SSD 256/серебристый,35990,119166
Ноутбук Asus VivoBook 14 X415FA-EB014 14″/4/SSD 256/серый,34990,113978
Ноутбук Asus Vivobook Go 14 E410MA-BV1521W 14″/4/eMMC 128/черный,28990,113972
Ноутбук Asus Laptop 14 X415EA-EB936W 14″/4/SSD 256/серый,39990,111953
Ноутбук Asus VivoBook 15 OLED K513EA-L11649W 15.6″/8/SSD 256/серебристый,52590,111158
Ноутбук Asus Laptop 15 X515EA-BQ1189 15.6″/8/SSD 256/серый,43990,110918
Ноутбук Asus ROG Zephyrus G14 GA401QM-K2200T 14″/16/SSD 1024/серый,189990,110455
Ноутбук Asus VivoBook Pro 14 K3400PA-KP112W 14″/8/SSD 512/серебристый,70990,110075
Ноутбук Asus VivoBook 17 X712JA-AU358T 17.3″/8/SSD 256/серебристый,50990,105490
Ноутбук Asus VivoBook 15 OLED K513EA-L11994W 15.6″/8/SSD 512/серебристый,67590,110924
Ноутбук Asus VivoBook 15 OLED K513EA-L12289 15.6″/8/SSD 512/серебристый,63590,117819
Ноутбук Asus VivoBook 15 OLED K513EA-L12253 15.6″/8/SSD 512/черный,63490,117818
Ноутбук Asus VivoBook 15 X513EA-BQ2886 15.6″/8/SSD 512/синий,64390,117809
Ноутбук Asus VivoBook 15 X513EA-BQ2179 15.6″/8/SSD 512/черный,63990,117808
Ноутбук Asus Laptop 15 X509FA-BR350 15.6″/8/SSD 256/серый,50990,118639
Ноутбук Asus Laptop 14 X415EA-EB953 14″/8/SSD 256/серебристый,42990,118638
Ультрабук Asus ExpertBook B9 B9450FA-BM0345T 14″//SSD 1024/черный,116990,97605
Ноутбук Asus VivoBook 17 M1702QA-AU081 17.3″/16/SSD 512/синий,59590,119446
Ноутбук Asus Laptop 14 X415KA-EK070W 14″/4/SSD 128/серый,29990,119711
Ноутбук Asus VivoBook Pro 15 M6500QH-HN038 15.6″/16/SSD 512/синий,69990,119701
Ноутбук Asus VivoBook 15 X1502ZA-BQ820 15.6″/8/SSD 512/серебристый,49990,119702
Ноутбук Asus VivoBook Pro 16 M1603QA-MB253 16″/16/SSD 512/серебристый,62890,119700
Ноутбук Asus Vivobook S15 S533EA-BN240 15.6″/8/черный,64990,120034
Ноутбук Asus Laptop 15 A516JF-BQ328 15.6″/8/SSD 512/серый,43990,120033
Ноутбук Asus VivoBook Go 14 E410MA-BV1516 14″/4/SSD 256/черный,30490,119992
Ноутбук Asus TUF Gaming F17 FX707ZM-HX046 17.3″/16/SSD 1024/серый,140990,119752
Ноутбук Asus TUF Gaming F15 FX506HC-HN011 15.6″/8/SSD 512/черный,75990,119748
Ноутбук Asus TUF Gaming F15 FX506HC-HN006 15.6″/16/SSD 512/серый,83690,119745
Ноутбук Asus TUF Gaming F15 FX506HC-HN004 15.6″/16/SSD 512/черный,86990,119742
Ноутбук Asus TUF Gaming A17 FA707RR-HX001 17.3″/16/SSD 1024/серый,150990,119738
Ноутбук Asus TUF Gaming A17 FA707RE-HX040W 17.3″/16/SSD 512/серый,128990,119737
Ноутбук Asus TUF Gaming FA706ICB-HX063 17.3″/8/SSD 512/черный,98990,119736
Ноутбук Asus TUF Gaming FA507RC-HN059 15.6″/8/SSD 512/серый,99990,119734
Ноутбук Asus TUF Gaming FA506QM-HN128 15.6″/8/SSD 1024/черный,129590,119733
Ноутбук Asus TUF Gaming FA506IHRB-HN082 15.6″/8/SSD 512/черный,69990,119732
Ноутбук Asus TUF Gaming FA506ICB-HN105 15.6″/8/SSD 512/черный,79990,119731
Ноутбук Asus ROG Strix G15 G513IE-HN083 15.6″/16/SSD 512/серый,110990,119717
Ноутбук Asus ROG Strix G15 G513IE-HN065 15.6″/16/SSD 512/серый,112990,119715
Ноутбук Asus ROG Strix G15 G513IC-HN094 15.6″/16/SSD 512/серый,109390,119714
Ноутбук Asus VivoBook 15 X515EA-BQ851 15.6″/8/SSD 256/синий,54990,119710
Ноутбук Asus VivoBook 16 X1603ZA-MB161 16″/16/SSD 512/серебристый,69990,119708
Ноутбук Asus VivoBook 15 OLED X1503ZA-L1303 15.6″/8/SSD 512/синий,67990,119706
Ноутбук Asus VivoBook Pro 16 M1603QA-MB102 16″/16/SSD 512/серебристый,65990,119699
Ноутбук Asus VivoBook Pro 16 M1603QA-MB097 16″/16/SSD 512/серебристый,63990,119696
Ноутбук Asus VivoBook 15 OLED M1503IA-L1018 15.6″/8/SSD 512/синий,57990,119694
Ноутбук Asus Laptop 15 A516JP-EJ461 15.6″/16/SSD 512/серебристый,54990,119691
Ноутбук Asus Laptop 15 X515EA-EJ1413 15.6″/8/SSD 256/серый,33890,110917
Ноутбук Asus VivoBook 17 A712EA-AU583 17.3″/16/SSD 512/серебристый,77990,119693
Ноутбук Asus ROG Strix G17 G713RM-LL122 17.3″/16/SSD 512/серый,164990,120663
Ноутбук Asus ROG Strix G15 G513IC-HN057 15.6″/8/SSD 1024/серый,91990,120662
Ноутбук Asus ROG Strix G17 G713IM-HX005 17.3″/16/SSD 512/серый,122990,120661
Ноутбук Asus ROG Strix G15 G513RW-HQ035 15.6″/16/SSD 1024/серый,165890,120660
Ноутбук Asus ROG Strix G15 G513IE-HN012 15.6″/8/SSD 1024/серый,88590,120658
Ноутбук Asus TUF Gaming F15 FX507ZM-HQ113 15.6″/16/SSD 1024/серый,159990,120657
Ноутбук Asus TUF Gaming F17 FX706HE-HX035 17.3″/8/SSD 1024/серый,113990,120656
Ноутбук Asus TUF Gaming F15 FX507ZE-HN067 15.6″/16/SSD 1024/серый,123990,120655
Ноутбук Asus TUF Gaming A15 FA507RC-HN006 15.6″/16/SSD 512/серый,102990,120654
Ноутбук Asus ViviBook Flip 14 TM420UA-EC172T 14″/8/SSD 256/черный,69190,120769
Ноутбук Asus Laptop 15 X515KA-BR111W 15.6″/4/SSD 128/серый,36890,120768
Ноутбук Asus Laptop 14 X415EA-EB532 14″/8/SSD 256/серый,45990,120767
Ноутбук Asus Laptop 14 X415EA-EB1313W 14″/4/SSD 256/серый,35990,120766
Ноутбук Asus VivoBook 17 X705MA-BX163 17.3″/8/SSD 256/серый,44990,120765
Ноутбук Asus VivoBook 15 X515JA-EJ2698W 15.6″/4/SSD 256/синий,37990,120764
Ноутбук Asus VivoBook S15 S533EA-BN356 15.6″/16/SSD 512/черный,69290,120763
Ноутбук Asus VivoBook Pro 14X OLED N7400PC-KM050W 14″/16/SSD 512/серый,99990,120762
Ноутбук Asus VivoBook Pro 15 OLED M3500QC-L1340W 15.6″/16/SSD 512/синий,119990,120761
Ноутбук Asus VivoBook Pro 15 OLED M3500QC-L1339 15.6″/16/SSD 512/синий,117990,120760
Ноутбук Asus VivoBook 15 M515DA-BQ1256 15.6″/8/SSD 512/серый,46590,120759
Ноутбук Asus VivoBook 15 OLED K513EA-L12041W 15.6″/16/SSD 512/золотой,73990,120758
Ноутбук Asus VivoBook 15 A571GT-BQ937 15.6″/8/SSD 512/черный,69990,120753
Ноутбук Asus ProArt StudioBook 16 W7600H3A-KV036W 16″/32/SSD 1024/черный,246290,120751
Ноутбук Asus Laptop 14 M415DA-EB751T 14″/8/SSD 256/серый,45990,120750
Ноутбук Asus VivoBook 15 A571LH-BQ454 15.6″/16/SSD 512/черный,85990,120748
Ноутбук Asus Laptop 15 A516JF-BR329 15.6″/8/SSD 256/серый,39990,120747
Ноутбук Asus Laptop 15 A516JF-BQ327 15.6″/8/SSD 256/серый,42590,120746
Ноутбук Asus Laptop 15 A516JA-BQ1918 15.6″/16/SSD 512/серый,62690,120745
Ноутбук Asus Laptop 15 A516EA-EJ1448 15.6″/8/SSD 256/серебристый,36690,120744
Ноутбук Asus Laptop 15 A516EA-BQ1163 15.6″/8/SSD 256/серый,40790,120743
Ноутбук Asus Laptop 14 A416MA-EK621 14″/8/SSD 256/серый,34690,120742
Ноутбук Asus Laptop 14 A416MA-EK620W 14″/4/SSD 128/серый,29990,120741
Ноутбук Asus Laptop 14 A416JA-EB1184 14″/8/SSD 256/серый,39990,120740
Ноутбук Asus Laptop 14 A416EA-EB1300 14″/8/SSD 256/серый,36990,120739
Ноутбук Asus Laptop 14 A416EA-EB1033W 14″/4/SSD 128/серый,34990,120738
Ультрабук Asus ZenBook Pro 16X OLED UX7602ZM-ME147X 16″/16/SSD 1024/черный,308990,120013
Ультрабук Asus ZenBook 13 OLED UM5302TA-LX385W 13.3″/16/SSD 512/белый,110990,119899
Ноутбук Asus TUF Gaming F17 FX706HM-HX146 17.3″/16/SSD 512/черный,123990,119750
Ноутбук Asus ROG Strix Scar G733CX-LL091W 17.3″/32/SSD 1024/черный,330990,119720
Ноутбук Asus Vivobook 16X M1603QA-MB071 16″/16/SSD 512/синий,56990,119718
Ноутбук Asus VivoBook 15 X1502ZA-BQ875 15.6″/8/SSD 512/синий,55990,119705
Ультрабук Asus ExpertBook B3 Flip B3402FEA-LE0646R 14″/16/SSD 512/черный,130990,112035
Ноутбук Lenovo ThinkBook 15 G3 ACL 15.6″/8/SSD 256/серый,60590,111651
Ноутбук Lenovo IdeaPad L3 15ITL6 15.6″/8/SSD 256/серый,42590,111085
Ноутбук Lenovo IdeaPad L3 15ITL6 15.6″/4/SSD 256/серый,38990,110440
Ноутбук Lenovo IdeaPad 5 15ITL05 15.6″/16/SSD 512/серый,69990,105892
Ноутбук Lenovo IdeaPad 3 15ITL6 15.6″/4/SSD 256/серый,38990,104680
Ноутбук Lenovo ThinkBook 14 G3 ITL 14″/16/SSD 512/серый,84990,116566
Ноутбук Lenovo V17 G2 ITL 17.3″/8/SSD 512/серый,89890,116560
Ноутбук Lenovo ThinkPad E15 Gen 3 15.6″/8/SSD 256/черный,81990,116556
Ноутбук Lenovo IdeaPad 3 15ITL6 15.6″/4/SSD 256/серый,38990,115952
Ноутбук Lenovo IdeaPad 3 14IIL05 14″/4/SSD 128/синий,40990,115950
Ноутбук Lenovo ThinkPad T14 Gen 3 14″/16/SSD 512/LTE,185990,117640
Ноутбук Lenovo ThinkPad T14s Gen 3 14″/16/SSD 1024/LTE/черный,187990,117639
Ноутбук Lenovo ThinkPad T14 Gen 3 14″/16/SSD 512/LTE/черный,154890,117834
Ноутбук Lenovo V15 G2 ALC 15.6″/8/SSD 512/черный,61490,118434
Ноутбук Lenovo ThinkPad T14 Gen 3 14″/16/SSD 512/черный,140990,118432
Ноутбук Lenovo Legion S7 15ACH6 15.6″/32/SSD 512/черный,118990,104942
Ноутбук Lenovo V15 IIL 15.6″/8/SSD 256/серый,40590,120575
Ноутбук Lenovo IdeaPad 3 15IML05 15.6″/8/SSD 256/серый,40590,120574
Ультрабук Lenovo Yoga 7 16IAP7 16″/16/SSD 512/серый,134990,121773
Ноутбук Lenovo Legion 5 Pro 16IAH7H 16″/32/SSD 1024/серый,233990,121771
Ноутбук Lenovo Legion 5 15IAH7H 15.6″/32/SSD 1024/серый,224990,121769
Ноутбук Lenovo Legion 5 15IAH7H 15.6″/32/SSD 1024/серый,185990,121767
Ноутбук Lenovo Legion 5 15IAH7H 15.6″/32/SSD 1024/серый,173990,121764
Ноутбук Lenovo Legion 5 15ARH7H 15.6″/32/SSD 1024/серый,188990,121761
Ноутбук Lenovo Legion 5 15ARH7H 15.6″/32/SSD 1024/серый,172990,121760
Ноутбук Lenovo Legion 5 15ARH7H 15.6″/32/SSD 1024/серый,166990,121759
Ноутбук Lenovo IdeaPad Gaming 3 16IAH7 16″/16/SSD 512/серый,123990,121758
Ноутбук Lenovo IdeaPad Gaming 3 16IAH7 16″/16/SSD 512/серый,108990,121757
Ноутбук Lenovo IdeaPad Gaming 3 16ARH7 16″/16/SSD 1024/серый,129990,121756
Ноутбук Lenovo IdeaPad Gaming 3 16ARH7 16″/16/SSD 512/серый,130990,121738
Ноутбук Lenovo IdeaPad Gaming 3 16ARH7 16″/16/SSD 1024/серый,123990,121737
Ноутбук Lenovo IdeaPad Flex 5 16IAU7 16″/16/SSD 1024/серый,132990,121736
Ноутбук Lenovo IdeaPad Flex 5 16IAU7 16″/16/SSD 512/серый,110990,121735
Ноутбук Lenovo IdeaPad Flex 5 16ALC7 16″/16/SSD 512/серый,104990,121734
Ноутбук Lenovo IdeaPad Flex 5 16ALC7 16″/16/SSD 512/серый,96990,121733
Ноутбук Lenovo IdeaPad 5 Pro 16ARH7 16″/16/SSD 512/серый,121990,121732
Ноутбук Lenovo IdeaPad 5 Pro 16ARH7 16″/16/SSD 1024/серый,138990,121731
Ноутбук Lenovo IdeaPad 5 Pro 16ARH7 16″/16/SSD 512/серый,128990,121730
Ноутбук Lenovo IdeaPad 5 Pro 14IAP7 14″/16/SSD 1024/серый,118990,121729
Ноутбук Lenovo IdeaPad 5 Pro 14ARH7 14″/16/SSD 512/серый,102990,121728
Ноутбук Lenovo IdeaPad 5 Pro 14ARH7 14″/16/SSD 512/серый,87990,121726
Ноутбук Lenovo IdeaPad 5 15IAL7 15.6″/16/SSD 512/серый,85990,121725
Ноутбук Lenovo IdeaPad 5 15ABA7 15.6″/16/SSD 512/серый,88990,121724
Ноутбук Lenovo IdeaPad 5 15ABA7 15.6″/16/SSD 1024/серый,82990,121723
Ноутбук Lenovo IdeaPad 3 17IAU7 17.3″/16/SSD 512/синий,78990,121722
Ноутбук Lenovo IdeaPad 3 17IAU7 17.3″/8/SSD 512/синий,65990,121721
Ноутбук Lenovo IdeaPad 3 15ABA7 15.6″/8/SSD 512/серый,57990,121720
Ноутбук Lenovo IdeaPad 3 15ABA7 15.6″/16/SSD 512/серый,60990,121719
Ноутбук MSI GF63 Thin 11UC-218XRU 15.6″/8/SSD 512/черный,75990,108568
Ноутбук MSI GF63 Thin 11UC-216RU 15.6″/8/SSD 512/черный,83990,108567
Ноутбук MSI GF63 Thin 11UC-217RU 15.6″/8/SSD 512/черный,73990,108565
Ноутбук MSI GF63 Thin 11UC-219XRU 15.6″/8/SSD 512/черный,68990,108473
Ноутбук MSI GF63 Thin 11UD-221RU 15.6″/8/SSD 512/черный,76590,108472
Ноутбук MSI GF63 Thin 11UD-223XRU 15.6″/8/SSD 512/черный,69990,108471
Ноутбук MSI Pulse GL66 11UDK-418RU 15.6″/8/SSD 512/серый,85990,103892
Ноутбук MSI GF63 Thin 11SC-623XRU 15.6″/8/SSD 256/черный,62990,110691
Ноутбук MSI Creator Z16 A12UET-063RU 16″/16/SSD 1024/серый,165990,116613
Ноутбук MSI Pulse GL76 12UCK-279XRU 17.3″/8/SSD 512/серый,89990,115203
Ноутбук MSI CreatorPro M17 A12UKS-669RU 17.3″/32/SSD 1024/черный,229390,116621
Ноутбук MSI CreatorPro M17 A12UIS-271RU 17.3″/16/SSD 1024/черный,169990,116620
Ноутбук MSI CreatorPro M16 A12UKS-1072RU 16″/32/SSD 1024/черный,184990,116612
Ноутбук MSI Bravo 15 B5DD-414XRU 15.6″/16/SSD 512/черный,69990,116603
Ноутбук MSI GF63 Thin 11UC-225XRU 15.6″/16/SSD 512/черный,86990,116628
Ноутбук MSI Prestige 15 A12UC-222RU 15.6″/16/SSD 512/серебристый,99990,116607
Ноутбук MSI Pulse GL76 12UCK-277RU 17.3″/8/SSD 512/серый,89990,116606
Ноутбук MSI Pulse GL76 12UDK-282XRU 17.3″/8/SSD 512/серый,89990,116605
Ноутбук MSI Prestige 15 A12UC-224RU 15.6″/16/SSD 512/серебристый,109990,116601
Ноутбук MSI Modern 14 C12M-239RU 14″/8/SSD 512/серебристый,49990,116600
Ноутбук MSI Modern 14 C12M-240XRU 14″/8/SSD 512/серебристый,48990,116598
Ноутбук MSI Modern 14 B11MOU-1239RU 14″/8/SSD 256/серый,69990,116590
Ноутбук MSI Modern 14 B11MOU-1238RU 14″/16/SSD 512/серый,72990,116589
Ноутбук MSI Pulse GL76 12UCK-051RU 17.3″/8/SSD 512/серый,99990,109779
Ноутбук MSI Pulse GL76 12UDK-280RU 17.3″/16/SSD 512/серый,109990,117615
Ноутбук MSI Pulse GL66 12UCK-695RU 15.6″/8/SSD 512/серый,89990,117614
Ноутбук MSI Bravo 15 B5DD-415XRU 15.6″/16/SSD 512/черный,69990,117613
Ноутбук MSI Prestige 15 A12UD-225RU 15.6″/16/SSD 1024/серебристый,129990,117612
Ноутбук MSI GF63 Thin 12HW-006XRU 15.6″/8/SSD 512/черный,66990,118063
Ноутбук MSI GF63 Thin 12HW-005XRU 15.6″/16/SSD 512/черный,69990,118060
Ноутбук MSI Pulse GL66 12UEK-437 15.6″/8/SSD 512/серый,104990,119010
Ноутбук MSI Katana GF66 12UВ-227 15.6″/16/SSD 1024/черный,109490,119008
Ноутбук MSI Katana GF66 11UE-275 15.6″/16/SSD 512/черный,96590,119007
Ноутбук MSI Modern 14 C12M-026 14″/8/SSD 512/черный,52590,119002
Ноутбук MSI Modern 14 C12M-027 14″/8/SSD 256/черный,44890,119001
Ноутбук MSI CreatorPro M16 A12UJS-690RU 16″/32/SSD 1024/черный,173590,119191
Ноутбук MSI Alpha 17 B5EEK-040XRU 17.3″/16/SSD 512/черный,111990,119190
Ноутбук MSI CreatorPro Z17 A12UMST 17.3″/64/SSD 2048/серый,375590,119013
Ноутбук MSI Pulse GL66 12UCK-696XRU 15.6″/8/SSD 512/серый,81990,119409
Ноутбук MSI Pulse GL66 12UDK-698XRU 15.6″/8/SSD 512/серый,82990,119408
Ноутбук MSI Pulse GL66 12UDK-697RU 15.6″/16/SSD 512/серый,89990,119406
Ноутбук MSI Stealth 17M A12UE-041RU 17.3″/16/SSD 512/черный,119990,119990
Ноутбук MSI Modern 15 B12HW-002XRU 15.6″/8/SSD 512/черный,56990,119978
Ноутбук MSI Pulse GL66 12UGSZOK-1032XRU 15.6″/16/SSD 1024/серый,129990,120593
Ноутбук MSI GP66 Leopard 11UG-699XRU 15.6″/16/SSD 512/черный,109990,120592
Ноутбук MSI Sword 15 A12UE-487XRU 15.6″/16/SSD 512/белый,94990,120591
Ноутбук MSI Sword 17 A12UD-248XRU 17.3″/16/SSD 512/белый,89990,120590
Ноутбук MSI Sword 17 A11UD-808XRU 17.3″/16/SSD 512/белый,89990,120589
Ноутбук MSI Sword 17 A11UD-809XRU 17.3″/16/SSD 512/белый,82990,120588
Ноутбук MSI Sword 17 A11UD-810XRU 17.3″/8/SSD 512/белый,79990,120587
Ноутбук MSI Sword 17 A11UC-811XRU 17.3″/8/SSD 512/белый,72890,120586
Ноутбук MSI GF63 Thin 11UD-206XRU 15.6″/16/SSD 512/черный,74990,120585
Ноутбук MSI GF63 Thin 11UC-207XRU 15.6″/16/SSD 512/черный,74990,120583
Ноутбук MSI Modern 14 B5M-244XRU 14″/16/SSD 512/серый,52990,120581
Ноутбук MSI Modern 15 A11MU-1064XRU 15.6″/8/SSD 512/черный,55990,120579
Ноутбук MSI Modern 14 C5M-012RU 14″/16/SSD 512/черный,44490,120578
Ноутбук MSI Modern 14 C5M-010XRU 14″/16/SSD 512/черный,42990,120577
Ноутбук MSI Modern 14 C5M-011XRU 14″/8/SSD 256/черный,38990,120576
Ноутбук MSI Prestige 16 Studio A13VE-096RU 16″/16/SSD 1024/серебристый,180990,122160
Ноутбук MSI Summit E16 Flip A13VET-097RU 16″/16/SSD 1024/черный,195990,122156
Ноутбук MSI Creator M16 B12VE-810RU 16″/16/SSD 1024/черный,169990,122155
Ноутбук MSI Creator Z16 HX Studio B13VFTO-055RU 16″/16/SSD 1024/серый,259990,122154
Ноутбук MSI Creator Z16 HX Studio B13VGTO-056RU 16″/32/SSD 2048/серый,309990,122153
Ноутбук MSI Thin GF63 12VE-238XRU 15.6″/16/SSD 512/черный,95990,122141
Ноутбук MSI Thin GF63 12VE-237RU 15.6″/8/SSD 512/черный,109990,122139
Ноутбук MSI Raider GE68HX 13VG-067RU 16″/16/SSD 2048/черный,249990,122137
Ноутбук MSI Stealth 16 Studio A13VG-086RU 16″/16/SSD 2048/синий,245990,122135
Ноутбук MSI Pulse 17 B13VGK-441RU 17.3″/16/SSD 1024/серый,179990,122134
Ноутбук MSI Raider GE78HX 13VH-214RU 17″/32/SSD 1024/черный,294990,122130
Ноутбук MSI Stealth 17 Studio A13VG-014RU 17.3″/16/SSD 2048/черный,245990,122126
Ноутбук MSI Titan GT77HX 13VI-213RU 17.3″/64/SSD 3072/черный,495990,122121
Ноутбук HP Omen 16-c0057ur 16.1″/16/SSD 512/темно-серый,158990,114213
Ноутбук HP 17-cp0136ur 17.3″/16/SSD 512/серебристый,101390,114212
Ноутбук HP 17-cp0092ur 17.3″/4/SSD 256/черный,35590,114211
Ноутбук HP 15s-fq2120ur 15.6″/8/SSD 512/серебристый,70990,114210
Ноутбук HP 15s-eq2124ur 15.6″/16/SSD 512/серебристый,68990,114209
Ноутбук HP 15s-eq1404ur 15.6″/4/SSD 256/серый,43990,114208
Ноутбук HP 14s-dq3001ur 14″/4/SSD 256/черный,28890,112345
Ноутбук HP 14s-dq3002ur 14″/4/SSD 128/черный,26890,112342
Ноутбук HP 15s-eq1319ur 15.6″/4/SSD 128/серый,39890,110775
Ноутбук HP 15s-eq2136ur 15.6″/8/SSD 256/серый,47990,110755
Ноутбук HP 15s-eq1321ur 15.6″/4/SSD 128/серый,34990,108849
Ноутбук HP 14s-dq3004ur 14″/4/SSD 256/черный,24690,105442
Ноутбук HP Envy x360 15-es1003ur 15.6″/8/SSD 512/серебристый,94990,117404
Ноутбук HP 15-dw4002nia 15.6″/8/SSD 512/черный,53990,117530
Ноутбук HP 15-dw4000nia 15.6″/8/SSD 512/серебристый,54990,117529
Ноутбук HP 15s-fq5035ny 15.6″/8/SSD 512/черный,64590,117526
Ноутбук HP 15s-fq5025ny 15.6″/8/SSD 512/черный,58590,117525
Ноутбук HP 15-dw4028nia 15.6″/8/SSD 512/черный,64490,117528
Ноутбук HP 15-dw4026nia 15.6″/8/SSD 512/серебристый,66990,117527
Ноутбук HP ProBook 450 G9 15.6″/8/SSD 512/серебристый,74590,117792
Ноутбук HP ProBook 450 G8 15.6″/16/SSD 512/серебристый,114990,117791
Ноутбук HP 250 G9 15.6″/8/SSD 512/серебристый,59990,117786
Ноутбук HP 250 G8 15.6″/8/SSD 256/серебристый,55290,117785
Ноутбук HP 250 G8 15.6″/8/SSD 256/черный,39890,117784
Ноутбук HP 15-dw3043nq 15.6″/8/SSD 256/черный,47990,117783
Ноутбук HP 250 G8 15.6″/8/HDD 1000/черный,47990,119208
Ноутбук Dell Latitude 7520 15.6″/32/SSD 1024/серый,141990,103284
Ноутбук Dell Latitude 5430 14″/8/SSD 256/серый,135990,119612
Ноутбук Dell Latitude 5430 14″/8/SSD 256/серый,96990,119611
Ноутбук Dell Latitude 5430 14″/8/SSD 256/серый,118990,119610
Ноутбук Dell Latitude 5430 14″/8/SSD 256/серый,115990,119608
Ноутбук Dell Latitude 5330 13.3″/16/SSD 512/серый,162990,119606
Ноутбук Dell Latitude 5330 13.3″/8/SSD 256/серый,109990,119605
Ноутбук Dell Inspiron 3511 15.6″/8/SSD 512/черный,89990,119604
Ноутбук Dell G15 5520 15.6″/16/SSD 512/серый,166990,119589
Ноутбук Dell G15 5520 15.6″/16/SSD 512/серый,154990,119587
Ноутбук Dell Vostro 5410 14″/8/SSD 512/серый,89990,119686
Ноутбук Dell Vostro 3510 15.6″/16/SSD 512/черный,82990,119685
Ноутбук Dell Vostro 3510 15.6″/8/SSD 256/черный,56990,119684
Ноутбук Dell Latitude 7530 15.6″/16/SSD 512/серый,160990,119683
Ноутбук Dell Latitude 7530 15.6″/16/SSD 512/серый,153990,119682
Ноутбук Dell Latitude 7530 15.6″/16/SSD 512/серый,142990,119680
Ноутбук Dell Latitude 7330 13.3″/16/SSD 512/серый,161990,119676
Ноутбук Dell Latitude 7330 13.3″/16/SSD 512/серый,165990,119675
Ноутбук Dell Latitude 7330 13.3″/16/SSD 512/серый,141990,119674
Ноутбук Dell Latitude 7330 13.3″/8/SSD 256/серый,126990,119672
Ноутбук Dell Latitude 7320 13.3″/16/SSD 512/серый,103990,119671
Ноутбук Dell Latitude 5531 15.6″/16/SSD 512/серый,159990,119668
Ноутбук Dell Latitude 5531 15.6″/16/SSD 512/серый,155990,119663
Ноутбук Dell Latitude 5530 15.6″/16/SSD 256/серый,166990,119638
Ноутбук Dell Latitude 5530 15.6″/8/SSD 512/серый,112990,119636
Ноутбук Dell Latitude 5530 15.6″/16/SSD 512/серый,125990,119635
Ноутбук Dell Latitude 5530 15.6″/8/SSD 256/серый,105990,119633
Ноутбук Dell Latitude 5431 14″/16/SSD 512/серый,152990,119627
Ноутбук Dell Latitude 5431 14″/16/SSD 512/серый,152990,119625
Ноутбук Dell Latitude 5430 14″/16/SSD 512/серый,148990,119624
Ноутбук Dell Latitude 5430 14″/16/SSD 512/серый,182990,119623
Ноутбук Dell Latitude 5430 14″/16/SSD 512/серый,123990,119622
Ноутбук Dell Latitude 5430 14″/16/SSD 512/серый,128990,119617
Ноутбук HONOR MagicBook 15 15.6″/8/SSD 512/серый,55190,119603
Ноутбук HONOR MagicBook 15 15.6″/8/SSD 512/серебристый,55190,119602
Ноутбук HONOR MagicBook 14 14″/8/SSD 256/серебристый,45690,119591
Ноутбук HONOR MagicBook 14 14″/8/SSD 256/серый,48990,119590
Ультрабук Huawei MateBook B5-430 14″/8/SSD 512/серый,91990,111602
Ультрабук Huawei MateBook D 15 15.6″/8/SSD 256/серый,48990,111191
Ультрабук Huawei MateBook B3-410 14″/8/SSD 512/серый,83990,111102
Ультрабук Huawei MateBook 14 KLVL-W56W 14″/16/SSD 512/серый,79990,110699
Ультрабук Huawei MateBook B3-510 15.6″/8/SSD 256/серый,44590,105728
Ультрабук Huawei MateBook B3-420 14″/8/SSD 512/серый,75990,105727
Ультрабук Huawei MateBook D 15 BOD-WDI9 15.6″/8/SSD 256/серый,39990,114481
Ультрабук Huawei MateBook B3-420 14″/16/SSD 512/серый,94990,117194
Ультрабук Huawei MateBook B3-520 BDZ-WDH9A 15.6″/8/SSD 512/серый,99990,117405
Ультрабук Huawei MateBook B3-420 14″/16/SSD 512/серый,109990,119000
Ультрабук Huawei MateBook B3-420 14″/8/SSD 256/серый,73990,118999
Ультрабук Huawei MateBook B3-520 15.6″/16/SSD 512/серый,94990,118998
Ультрабук Huawei MateBook B3-520 15.6″/16/SSD 512/серый,107990,118997
Ультрабук Huawei MateBook B7-410 13.9″/16/SSD 512/серый,125990,121831
Ноутбук Acer Extensa EX215-22-R0VC 15.6″/8/SSD 256/черный,40990,113623
Ноутбук Acer Aspire 5 A515-45G-R3AX 15.6″/8/SSD 256/серебристый,61990,113414
Ноутбук Acer Predator Helios 300 PH315-54-59X0 15.6″/16/SSD 512/черный,115590,111835
Ноутбук Acer Extensa 15 EX215-53G-35NY 15.6″/8/SSD 256/черный,117990,111506
Ноутбук Acer Extensa 15 EX215-22-R00X 15.6″/8/SSD 256/черный,69990,111505
Ноутбук Acer TravelMate P2 TMP215-52-32WA 15.6″/4/SSD 256/черный,49590,111504
Ноутбук Acer TravelMate P2 TMP215-52-35RG 15.6″/8/SSD 256/черный,91590,111503
Ноутбук Acer TravelMate P2 TMP215-52-59RK 15.6″/8/SSD 256/черный,101590,111260
Ноутбук Acer TravelMate P2 TMP214-52-34UD 14″/8/SSD 128/черный,138990,111259
Ноутбук Acer TravelMate P2 TMP214-52-35QR 14″/8/SSD 256/черный,139990,111258
Ноутбук Acer Extensa EX215-52-519Y 15.6″/8/SSD 256/черный,73190,108268
Ноутбук Acer Aspire 3 A315-58-52AF 15.6″/8/SSD 512/серебристый,63590,116430
Ноутбук Acer Aspire 3 A315-58-383A 15.6″/8/SSD 512/серебристый,54990,116429
Ноутбук Acer Aspire 5 A515-45-R3GZ 15.6″/16/SSD 512/серебристый,72990,116428
Ноутбук Acer Nitro 5 AN517-55 17.3″/16/SSD 1024/черный,154990,116675
Ноутбук Acer Aspire 3 A315-58-57GE 15.6″/16/SSD 1024/серебристый,69990,116674
Ноутбук Acer Nitro 5 AN517-55 17.3″/16/SSD 1024/черный,189990,116673
Ноутбук Acer Aspire 3 A315-35-C38R 15.6″/8/SSD 256/серебристый,38990,116670
Ноутбук Acer Aspire 3 A315-35-C0YV 15.6″/8/SSD 256/серебристый,40990,116669
Ноутбук Acer Aspire 5 A515-45-R9SG 15.6″/16/SSD 512/серебристый,68990,116668
Ноутбук Acer Aspire 3 A315-35-C3GF 15.6″/8/SSD 256/серебристый,39990,116665
Ноутбук Acer Nitro 5 AN515-58-71YG 15.6″/16/SSD 512/черный,139990,116661
Ноутбук Acer Aspire 3 A315-58-54C9 15.6″/16/SSD 512/серебристый,61590,116660
Ноутбук Acer Aspire 5 A517-53-58YP 17.3″/16/SSD 512/серый,93990,121629
Ноутбук Acer Aspire 5 A517-53-56VY 17.3″/16/SSD 512/серый,83990,121628
Ноутбук Acer Aspire 5 A517-53-51E9 17.3″/8/SSD 512/серый,75990,121627
Ноутбук Acer Aspire 3 A317-54-54T2 17.3″/8/SSD 512/серебристый,76990,121626
Ноутбук Acer Aspire 3 A317-54-54UN 17.3″/8/SSD 512/серебристый,73990,121621
Ноутбук Acer Aspire 3 A317-54-54BQ 17.3″/16/SSD 512/серебристый,78990,121620
Ноутбук Acer Aspire 5 A517-53-32A6 17.3″/8/SSD 512/серый,61990,121618
Ноутбук Acer Aspire 3 A317-54-33GH 17.3″/8/SSD 512/серебристый,57990,121616
Ноутбук Acer Aspire 5 A515-57-36D0 15.6″/8/SSD 512/серый,57990,121615
Ноутбук Acer Aspire 5 A515-57-334P 15.6″/8/SSD 512/серый,46990,121614
Ноутбук Acer Aspire 3 A315-59-36C1 Slim 15.6″/8/SSD 512/серебристый,46990,121613
Ноутбук Acer Aspire 3 A315-59-30QR Slim 15.6″/8/SSD 256/серебристый,50990,121611
Ноутбук Acer Aspire 5 A515-57-50JJ 15.6″/16/SSD 512/серый,75990,121610
Ноутбук Acer Aspire 5 A515-57-51U3 15.6″/16/SSD 512/серый,66990,121609
Ноутбук Acer Aspire 3 A315-59-57N3 Slim 15.6″/8/SSD 256/серебристый,60990,121608
Ноутбук Acer Aspire 5 A515-57-51W3 15.6″/16/SSD 512/серый,63990,121607
Ноутбук Acer Aspire 5 A515-57-52NV 15.6″/8/SSD 512/серый,60990,121606
Ноутбук Acer Aspire 5 A515-57-524A 15.6″/8/SSD 512/серый,72990,121603
Ноутбук Acer Aspire 3 A315-59-51GC Slim 15.6″/8/SSD 512/серебристый,57990,121601
Ноутбук Acer Aspire 3 A315-59-53RN Slim 15.6″/8/SSD 512/серебристый,63990,121598
Ноутбук Acer Aspire 3 A315-59-55NK Slim 15.6″/16/SSD 512/серебристый,61990,121596
Ноутбук Dream Machines RT3080Ti-15EU56 15.6″/32/SSD 1024/черный,314990,120004
Ноутбук Dream Machines RT3080Ti-15EU51 15.6″/32/SSD 1024/черный,294790,120003
Ноутбук Dream Machines RT3080-15EU56 15.6″/32/SSD 1024/черный,274390,120002
Ноутбук Dream Machines RT3080-15EU51 15.6″//SSD 1024/черный,253990,120001
Ноутбук Dream Machines RT3070Ti-15EU51 15.6″/32/SSD 1024/черный,213490,120000
Ноутбук Dream Machines RT3060-15EU51 15.6″/32/SSD 1024/черный,158990,119999
Ноутбук Dream Machines RT3060-15EU50 15.6″/16/SSD 1024/черный,150590,119998
Ноутбук Dream Machines RS3080-17EU50 17.6″/16/SSD 1024/черный,325290,119997
Ноутбук Dream Machines RS3080-15EU53 15.6″/16/SSD 1024/черный,312990,119996
Ноутбук Dream Machines RS3080-15EU50 15.6″/16/SSD 1024/черный,304990,119995
Ноутбук Dream Machines RS3070-17EU50 17.6″/16/SSD 1024/черный,237990,119994
Ноутбук Dream Machines RS3070-15EU53 15.6″/16/SSD 1024/черный,225590,119993
Ноутбук Dream Machines RS3070-15EU50 15.6″/16/SSD 1024/черный,215590,119890
Ноутбук Dream Machines RS3060-17EU50 17.6″/16/SSD 1024/черный,194990,119889
Ноутбук Dream Machines RS3060-15EU53 15.6″/16/SSD 1024/черный,182590,119887
Ноутбук Dream Machines RG3080Ti-15EU26 15.6″/16/SSD 1024/черный,326590,119837
Ноутбук Dream Machines RG3070Ti-15EU21 15.6″/32/SSD 1024/черный,221590,119836
Ноутбук Dream Machines RG3060-17EU39 17.3″/32/SSD 1024/черный,152490,119835
Ноутбук Dream Machines RG3060-17EU38 17.3″/16/SSD 1024/черный,146990,119834
Ноутбук Dream Machines RG3060-17EU37 17.3″/16/SSD 1024/черный,158890,119832
Ноутбук Dream Machines RG3060-15EU53 15.6″/32/SSD 1024/черный,175990,119831
Ноутбук Dream Machines RG3060-15EU51 15.6″/32/SSD 1024/черный,145990,119830
Ноутбук Dream Machines RG3060-15EU50 15.6″/16/SSD 1024/черный,137990,119829
Ноутбук Dream Machines RG3060-15EU38 15.6″/16/SSD 1024/черный,159990,119822
Ноутбук Dream Machines RG3060-15EU34 15.6″/32/SSD 1024/черный,128990,119821
Ноутбук Dream Machines RG3060-15EU33 15.6″/16/SSD 1024/черный,120390,119820
Ноутбук Dream Machines RG3050Ti-17EU37 17.3″/32/SSD 1024/черный,138590,119819
Ноутбук Dream Machines RG3050Ti-17EU36 17.3″/16/SSD 1024/черный,130590,119818
Ноутбук Dream Machines RG3050Ti-15EU39 15.6″/32/SSD 1024/черный,126490,119817
Ноутбук Dream Machines RG3050Ti-15EU38 15.6″/16/SSD 1024/черный,115990,119816
Ноутбук Dream Machines RG3050Ti-15EU34 15.6″/32/SSD 1024/черный,111790,119814
Ноутбук Dream Machines RG3050Ti-15EU33 15.6″/16/SSD 1024/черный,102990,119813
Ноутбук Dream Machines RG3050-17EU36 17.3″/16/SSD 1024/черный,124890,119812
Ноутбук Dream Machines RG3050-15EU38 15.6″/16/SSD 1024/черный,114890,119811
Ноутбук Dream Machines RG3050-15EU33 15.6″/16/SSD 1024/черный,97990,119810
Ноутбук Gigabyte Aorus 15 XE5 15.6″/32/SSD 512/черный,192990,119030
Ноутбук Gigabyte Aorus 15 XE5 15.6″/32/SSD 1024/черный,182990,119029
Ноутбук Gigabyte Aorus 15 XE5 15.6″/32/SSD 512/черный,163990,119028
Ноутбук Gigabyte Aorus 5 SE4 15.6″/16/SSD 512/черный,131290,119027
Ноутбук Gigabyte Aorus 5 SE4 15.6″/16/SSD 512/черный,138590,119025
Ноутбук Gigabyte Aorus 15 XE5 15.6″/32/SSD 512/черный,169590,119024
Ноутбук Gigabyte Aero 16 XE5 16″/32/SSD 1024/серебристый,210990,119023
Ноутбук Gigabyte Aero 16 XE4 16″/16/SSD 1024/серебристый,198990,119019
Ноутбук Gigabyte Aero 16 KE5 16″/16/SSD 1024/серебристый,180690,119015
Ноутбук Gigabyte Aero 17 XE5 17.3″/16/SSD 2048/серебристый,165990,121471
Ультрабук Maibenben P615 16″/8/SSD 256/серебристый,49990,120161
Ультрабук Maibenben P615 16″/16/SSD 512/серебристый,55990,120157
Ультрабук Maibenben P615 16″/8/SSD 512/серебристый,52990,120151
Ультрабук Maibenben M565 15.6″/16/SSD 512/черный,66990,120149
Ультрабук Maibenben M565 15.6″/8/SSD 512/серебристый,55990,120148
Ультрабук Maibenben M565 15.6″/8/SSD 512/черный,55990,120147
Ультрабук Maibenben M565 15.6″/8/SSD 512/серебристый,52990,120146
Ноутбук Maibenben X757 17.3″/16/SSD 512/черный,115990,120141
Ноутбук Maibenben X757 17.3″/16/SSD 1024/черный,118990,120138
Ноутбук Maibenben X558 15.6″/8/SSD 512/серый,83490,120137
Ноутбук Maibenben X558 15.6″/32/SSD 1024/серый,97990,120135
Ноутбук Maibenben X558 15.6″/16/серый,92990,120134
Ноутбук Maibenben X525 15.6″/8/SSD 512/черный,87490,120131
Ноутбук Maibenben X525 15.6″/16/SSD 512/черный,79990,120119
Ноутбук Hiper WorkBook MTL1585W 15.6″/8/SSD 512/черный,36990,116487
Ноутбук Hiper WorkBook MTL1585W 15.6″/8/SSD 512/черный,39990,116486
Ноутбук Hiper ExperBook J8BD8Y50 15.6″/16/SSD 512/серый,74990,117415
Ноутбук Hiper ExperBook 9907LD39 15.6″/16/SSD 512/серый,68990,117414
Ноутбук Hiper WorkBook SHSKHW8E 15.6″/16/SSD 512/серый,52990,117413
Ноутбук Hiper Dzen U0WHH89N 15.6″/16/SSD 512/серый,74190,117401
Ноутбук Hiper Dzen 7QEKD4OD 15.6″/16/SSD 512/серый,64590,117399
Ноутбук Hiper Dzen X1H1481S 15.6″/16/SSD 512/серый,56290,117398
Ноутбук Hiper Dzen YB97KDOK 15.6″/8/SSD 256/серый,40590,117397
Ноутбук Hiper Office H1574O5165WM 15.6″/16/SSD 512/серый,76990,120322
Ноутбук Hiper Office H1574O5165DM 15.6″/16/SSD 512/серый,73890,120321
Ноутбук Hiper Dzen H1569O7165WMP 15.6″/16/SSD 512/серый,84890,120320
Ноутбук Hiper Dzen H1569O5165WMP 15.6″/16/SSD 512/серый,74890,120319
Ноутбук Hiper Dzen H1569O5165DMP 15.6″/16/SSD 512/серый,70890,120318
Ноутбук Machenike S16 16″/8/SSD 512/черный+фиолетовый,98990,116980
Ноутбук Machenike S16 16″/8/SSD 512/черный+фиолетовый,73590,116979
Ноутбук Machenike S16 16″/8/SSD 512/черный+фиолетовый,72990,116978
Ноутбук Machenike L17 17.3″/16/SSD 512/черный,77590,116976
Ноутбук Machenike L15 15.6″/16/SSD 512/серебристый,72590,116974
Ноутбук Machenike L15 15.6″/8/SSD 512/серебристый,67590,116973
Ноутбук Machenike L15 15.6″/8/SSD 512/серебристый,62590,116972
Ноутбук Machenike L17 17.3″/16/SSD 512/черный,87590,118654
Ноутбук Machenike S16 16″/8/SSD 512/черный,103590,120382
Ноутбук Machenike S16 16″/8/SSD 512/черный,76590,120381
Ноутбук Machenike S16 16″/8/SSD 512/черный,73590,120380
Ноутбук Machenike L17 17.3″/16/SSD 512/черный,97990,120379
Ноутбук Machenike L17 17.3″/16/SSD 512/черный,93990,120378
Ноутбук Machenike L15 15.6″/16/SSD 512/серебристый,74990,120377
Ноутбук Machenike L15 15.6″/8/SSD 512/серебристый,71590,120376
Ноутбук Machenike L15 15.6″/8/SSD 512/серебристый,64990,120375
Ноутбук Realme RMNB1002 14″/8/SSD 512/серый,59990,117306
"2020 Apple MacBook Air 13.3″ серебристый (Apple M1, 16Gb, SSD 512Gb, M1 (8 GPU))",149990,99486
Ноутбук Samsung Galaxy Book Pro 15 15.6″/16/SSD 512/синий,99990,120205
Ноутбук Samsung Galaxy Book Flex2 Alpha 13.3″/16/SSD 512/черный,89990,119729
Ноутбук Samsung Galaxy Book 15 15.6″/8/SSD 256/LTE/серебристый,77990,120203
Ноутбук Samsung Galaxy Book 15 15.6″/8/SSD 256/LTE/серебристый,77990,120202
"2021 Apple MacBook Pro 16.2″ серебристый (Apple M1 Pro, 16Gb, SSD 512Gb, M1 (16 GPU))",199990,114877
"2022 Apple MacBook Pro 13.3″ серебристый (Apple M2, 8Gb, SSD 256Gb, M2 (10 GPU))",124990,114616
"2020 Apple MacBook Air 13.3″ серебристый (Apple M1, 8Gb, SSD 512Gb, M1 (8 GPU))",129990,114873
"2020 Apple MacBook Air 13.3″ золотой (Apple M1, 8Gb, SSD 256Gb, M1 (7 GPU))",95990,114870
"2021 Apple MacBook Pro 14.2″ серебристый (Apple M1 Pro, 16Gb, SSD 1024Gb, M1 (16 GPU))",229990,107501
"2021 Apple MacBook Pro 14.2″ серый космос (Apple M1 Pro, 16Gb, SSD 512Gb, M1 (14 GPU))",189990,107496
"2020 Apple MacBook Air 13.3″ серый космос (Apple M1, 8Gb, SSD 256Gb, M1 (7 GPU))",95990,99117
Ноутбук Asus TUF Gaming F15 FX506HCB-HN1138T 15.6″/8/SSD 512/серый,79990,108716
"2020 Apple MacBook Air 13.3″ серый космос (Apple M1, 16Gb, SSD 512Gb, M1 (8 GPU))",125990,99248
"2021 Apple MacBook Pro 14.2″ серый космос (Apple M1 Pro, 16Gb, SSD 1024Gb, M1 (16 GPU))",229990,107502
"2021 Apple MacBook Pro 14.2″ серебристый (Apple M1 Pro, 16Gb, SSD 512Gb, M1 (14 GPU))",189990,107495
"2022 Apple MacBook Pro 13.3″ серый космос (Apple M2, 8Gb, SSD 256Gb, M2 (10 GPU))",124990,114615
"2020 Apple MacBook Air 13.3″ серебристый (Apple M1, 8Gb, SSD 256Gb, M1 (7 GPU))",95990,114871
Ноутбук Samsung Galaxy Book Pro 13 13.3″/8/SSD 512/голубой,88590,118264
Ноутбук Asus ROG Zephyrus S17 GX701LV-EV035T 17.3″/16/SSD 512/черный,179990,96789
Ультрабук Asus ExpertBook B1 B1500CEPE-BQ0096 15.6″/16/SSD 1024/черный,74990,105483
Ноутбук Asus ROG Strix Scar G733QS-HG213R 17.3″/16/SSD 1024/черный,249990,104731
Ультрабук Asus ZenBook Pro 15 UX535LI-BN168T 15.6″/16/SSD 1024/серый,109990,104531
Ноутбук Asus Laptop 15 D509DA-EJ393R 15.6″/8/SSD 256/серый,52990,99447
Ноутбук Asus VivoBook Go 14 E410MA-BV1841W 14″/4/SSD 128/белый,29990,120757
Ноутбук Asus VivoBook Go 14 E410MA-BV1832W 14″/4/SSD 128/черный,32890,120756
Ноутбук Asus VivoBook Go 14 E410MA-BV1183W 14″/4/eMMC 128/черный,25990,120755
Ноутбук MSI Creator 15M A9SE-066RU 15.6″/16/SSD 512/серый,126990,86182
Ноутбук MSI GS76 11UH-265RU Stealth 17.3″/32/SSD 2048/черный,278990,105219
Ноутбук HP Omen 15-ek1014ur 15.6″/16/SSD 1024/черный,129990,106045
Ноутбук HP ProBook 455 G8 15.6″/8/SSD 256/серебристый,81990,117794
Ноутбук HP 255 G9 15.6″/8/SSD 512/черный,52990,117790
Ультрабук Dell XPS 15 9500 15.6″/16/SSD 1024/серебристый,189990,92986
Ноутбук Dell G3-3500 15.6″/16/SSD 512/черный,114990,92349
Ноутбук Dell Alienware x17 R1 17.3″/32/SSD 1024/серебристый,319990,104777
"2021 Apple MacBook Pro 16.2″ серебристый (Apple M1 Pro, 16Gb, SSD 1024Gb, M1 (16 GPU))",299990,107497
Ноутбук Samsung Galaxy Book 15 15.6″/16/SSD 256/серебристый,85990,116817
